/*
Navicat MySQL Data Transfer

Source Server         : MySQL-DEV
Source Server Version : 50718
Source Host           : localhost:14595
Source Database       : dms

Target Server Type    : MYSQL
Target Server Version : 50718
File Encoding         : 65001

Date: 2018-08-03 16:03:09
*/
/*
SET FOREIGN_KEY_CHECKS=0;

-- ----------------------------
-- Records of Comunas
-- ----------------------------
BEGIN;
INSERT INTO Comunas (Id, Nombre, RegionId) VALUES ('201', 'ARICA', '15'), ('202', 'CAMARONES', '15'), ('205', 'PUTRE', '15'), ('206', 'GENERAL LAGOS', '15'), ('210', 'IQUIQUE', '1'), ('211', 'HUARA', '1'), ('212', 'CAMIÑA', '1'), ('213', 'COLCHANE', '1'), ('214', 'PICA', '1'), ('215', 'POZO ALMONTE', '1'), ('216', 'ALTO HOSPICIO', '1'), ('220', 'TOCOPILLA', '2'), ('221', 'MARIA ELENA', '2'), ('225', 'CALAMA', '2'), ('226', 'OLLAGÜE', '2'), ('227', 'SAN PEDRO DE ATACAMA', '2'), ('230', 'ANTOFAGASTA', '2'), ('231', 'MEJILLONES', '2'), ('232', 'SIERRA GORDA', '2'), ('233', 'TALTAL', '2'), ('235', 'CHAÑARAL', '3'), ('236', 'DIEGO DE ALMAGRO', '3'), ('240', 'COPIAPO', '3'), ('241', 'CALDERA', '3'), ('242', 'TIERRA AMARILLA', '3'), ('245', 'VALLENAR', '3'), ('246', 'FREIRINA', '3'), ('247', 'HUASCO', '3'), ('248', 'ALTO DEL CARMEN', '3'), ('250', 'LA SERENA', '4'), ('251', 'LA HIGUERA', '4'), ('252', 'COQUIMBO', '4'), ('253', 'ANDACOLLO', '4'), ('254', 'VICUÑA', '4'), ('255', 'PAIHUANO', '4'), ('260', 'OVALLE', '4'), ('261', 'RIO HURTADO', '4'), ('262', 'MONTE PATRIA', '4'), ('263', 'COMBARBALA', '4'), ('264', 'PUNITAQUI', '4'), ('270', 'ILLAPEL', '4'), ('271', 'SALAMANCA', '4'), ('272', 'LOS VILOS', '4'), ('273', 'CANELA', '4'), ('275', 'LA LIGUA', '5'), ('276', 'PETORCA', '5'), ('277', 'CABILDO', '5'), ('278', 'ZAPALLAR', '5'), ('279', 'PAPUDO', '5'), ('285', 'LOS ANDES', '5'), ('286', 'SAN ESTEBAN', '5'), ('287', 'CALLE LARGA', '5'), ('288', 'RINCONADA', '5'), ('290', 'SAN FELIPE', '5'), ('291', 'PUTAENDO', '5'), ('292', 'SANTA MARIA', '5'), ('293', 'PANQUEHUE', '5'), ('294', 'LLAY LLAY', '5'), ('295', 'CATEMU', '5'), ('300', 'QUILLOTA', '5'), ('301', 'LA CRUZ', '5'), ('302', 'CALERA', '5'), ('303', 'NOGALES', '5'), ('304', 'HIJUELAS', '5'), ('305', 'OLMUÉ', '5'), ('306', 'VILLA ALEMANA', '5'), ('310', 'VALPARAISO', '5'), ('311', 'VIÑA DEL MAR', '5'), ('312', 'QUINTERO', '5'), ('313', 'PUCHUNCAVI', '5'), ('314', 'QUILPUE', '5'), ('315', 'LIMACHE', '5'), ('316', 'CASABLANCA', '5'), ('317', 'JUAN FERNANDEZ', '5'), ('318', 'CONCON', '5'), ('320', 'SAN ANTONIO', '5'), ('321', 'CARTAGENA', '5'), ('322', 'EL TABO', '5'), ('323', 'EL QUISCO', '5'), ('324', 'ALGARROBO', '5'), ('325', 'SANTO DOMINGO', '5'), ('330', 'ISLA DE PASCUA', '5'), ('335', 'RANCAGUA', '6'), ('336', 'GRANEROS', '6'), ('337', 'MOSTAZAL', '6'), ('338', 'CODEGUA', '6'), ('339', 'MACHALI', '6'), ('340', 'OLIVAR', '6'), ('341', 'REQUINOA', '6'), ('342', 'RENGO', '6'), ('343', 'MALLOA', '6'), ('344', 'QUINTA DE TILCOCO', '6'), ('345', 'SAN VICENTE', '6'), ('346', 'PICHIDEGUA', '6'), ('347', 'PEUMO', '6'), ('348', 'COLTAUCO', '6'), ('349', 'COINCO', '6'), ('350', 'DOÑIHUE', '6'), ('351', 'LAS CABRAS', '6'), ('355', 'SAN FERNANDO', '6');
INSERT INTO Comunas (Id, Nombre, RegionId) VALUES ('356', 'CHIMBARONGO', '6'), ('357', 'PLACILLA', '6'), ('358', 'NANCAGUA', '6'), ('359', 'CHEPICA', '6'), ('360', 'SANTA CRUZ', '6'), ('361', 'LOLOL', '6'), ('362', 'PUMANQUE', '6'), ('363', 'PALMILLA', '6'), ('364', 'PERALILLO', '6'), ('370', 'PICHILEMU', '6'), ('371', 'NAVIDAD', '6'), ('372', 'LITUECHE', '6'), ('373', 'LA ESTRELLA', '6'), ('374', 'MARCHIHUE', '6'), ('375', 'PAREDONES', '6'), ('380', 'CURICO', '7'), ('381', 'TENO', '7'), ('382', 'ROMERAL', '7'), ('383', 'MOLINA', '7'), ('384', 'SAGRADA FAMILIA', '7'), ('385', 'HUALAÑE', '7'), ('386', 'LICANTEN', '7'), ('387', 'VICHUQUEN', '7'), ('388', 'RAUCO', '7'), ('390', 'TALCA', '7'), ('391', 'PELARCO', '7'), ('392', 'RIO CLARO', '7'), ('393', 'SAN CLEMENTE', '7'), ('394', 'MAULE', '7'), ('395', 'EMPEDRADO', '7'), ('396', 'PENCAHUE', '7'), ('397', 'CONSTITUCION', '7'), ('398', 'CUREPTO', '7'), ('399', 'SAN RAFAEL', '7'), ('400', 'LINARES', '7'), ('401', 'YERBAS BUENAS', '7'), ('402', 'COLBUN', '7'), ('403', 'LONGAVI', '7'), ('404', 'PARRAL', '7'), ('405', 'RETIRO', '7'), ('406', 'VILLA ALEGRE', '7'), ('407', 'SAN JAVIER', '7'), ('410', 'CAUQUENES', '7'), ('411', 'PELLUHUE', '7'), ('412', 'CHANCO', '7'), ('415', 'CHILLAN', '8'), ('416', 'SAN CARLOS', '8'), ('417', 'ÑIQUEN', '8'), ('418', 'SAN FABIAN', '8'), ('419', 'COIHUECO', '8'), ('420', 'PINTO', '8'), ('421', 'SAN IGNACIO', '8'), ('422', 'EL CARMEN', '8'), ('423', 'YUNGAY', '8'), ('424', 'PEMUCO', '8'), ('425', 'BULNES', '8'), ('426', 'QUILLON', '8'), ('427', 'RANQUIL', '8'), ('428', 'PORTEZUELO', '8'), ('429', 'COELEMU', '8'), ('430', 'TREGUACO', '8'), ('431', 'COBQUECURA', '8'), ('432', 'QUIRIHUE', '8'), ('433', 'NINHUE', '8'), ('434', 'SAN NICOLAS', '8'), ('435', 'CHILLAN VIEJO', '8'), ('440', 'LOS ANGELES', '8'), ('441', 'CABRERO', '8'), ('442', 'TUCAPEL', '8'), ('443', 'ANTUCO', '8'), ('444', 'QUILLECO', '8'), ('445', 'SANTA BARBARA', '8'), ('446', 'QUILACO', '8'), ('447', 'MULCHEN', '8'), ('448', 'NEGRETE', '8'), ('449', 'NACIMIENTO', '8'), ('450', 'LAJA', '8'), ('451', 'SAN ROSENDO', '8'), ('452', 'YUMBEL', '8'), ('453', 'ALTO BIO BIO', '8'), ('455', 'CONCEPCION', '8'), ('456', 'TALCAHUANO', '8'), ('457', 'PENCO', '8'), ('458', 'TOME', '8'), ('459', 'FLORIDA', '8'), ('460', 'HUALQUI', '8'), ('461', 'SANTA JUANA', '8'), ('462', 'LOTA', '8'), ('463', 'CORONEL', '8'), ('464', 'SAN PEDRO DE LA PAZ', '8'), ('465', 'LEBU', '8'), ('466', 'ARAUCO', '8'), ('467', 'CURANILAHUE', '8'), ('468', 'LOS ALAMOS', '8'), ('469', 'CAÑETE', '8'), ('470', 'CONTULMO', '8'), ('471', 'TIRUA', '8'), ('473', 'HUALPEN', '8'), ('474', 'CHIGUAYANTE', '8'), ('475', 'ANGOL', '9');
INSERT INTO Comunas (Id, Nombre, RegionId) VALUES ('476', 'RENAICO', '9'), ('477', 'COLLIPULLI', '9'), ('478', 'LONQUIMAY', '9'), ('479', 'CURACAUTIN', '9'), ('480', 'ERCILLA', '9'), ('481', 'VICTORIA', '9'), ('482', 'TRAIGUEN', '9'), ('483', 'LUMACO', '9'), ('484', 'PUREN', '9'), ('485', 'LOS SAUCES', '9'), ('489', 'CHOLCHOL', '9'), ('490', 'TEMUCO', '9'), ('491', 'LAUTARO', '9'), ('492', 'PERQUENCO', '9'), ('493', 'VILCUN', '9'), ('494', 'CUNCO', '9'), ('495', 'MELIPEUCO', '9'), ('496', 'CURARREHUE', '9'), ('497', 'PUCON', '9'), ('498', 'VILLARRICA', '9'), ('499', 'FREIRE', '9'), ('500', 'PITRUFQUEN', '9'), ('501', 'GORBEA', '9'), ('502', 'LONCOCHE', '9'), ('503', 'TOLTEN', '9'), ('504', 'TEODORO SCHMIDT', '9'), ('505', 'SAAVEDRA', '9'), ('506', 'CARAHUE', '9'), ('507', 'NUEVA IMPERIAL', '9'), ('508', 'GALVARINO', '9'), ('509', 'PADRE LAS CASAS', '9'), ('510', 'VALDIVIA', '14'), ('511', 'MARIQUINA', '14'), ('512', 'LANCO', '14'), ('513', 'LOS LAGOS', '14'), ('514', 'FUTRONO', '14'), ('515', 'CORRAL', '14'), ('516', 'MAFIL', '14'), ('517', 'PANGUIPULLI', '14'), ('518', 'LA UNION', '14'), ('519', 'PAILLACO', '14'), ('520', 'RIO BUENO', '14'), ('521', 'LAGO RANCO', '14'), ('525', 'OSORNO', '10'), ('526', 'SAN PABLO', '10'), ('527', 'PUYEHUE', '10'), ('528', 'PUERTO OCTAY', '10'), ('529', 'PURRANQUE', '10'), ('530', 'RIO NEGRO', '10'), ('531', 'SAN JUAN DE LA COSTA', '10'), ('535', 'PUERTO MONTT', '10'), ('536', 'PUERTO VARAS', '10'), ('537', 'COCHAMO', '10'), ('538', 'CALBUCO', '10'), ('539', 'MAULLIN', '10'), ('540', 'LOS MUERMOS', '10'), ('541', 'FRESIA', '10'), ('542', 'LLANQUIHUE', '10'), ('543', 'FRUTILLAR', '10'), ('545', 'CASTRO', '10'), ('546', 'ANCUD', '10'), ('547', 'QUEMCHI', '10'), ('548', 'DALCAHUE', '10'), ('549', 'CURACO DE VELEZ', '10'), ('550', 'QUINCHAO', '10'), ('551', 'PUQUELDON', '10'), ('552', 'CHONCHI', '10'), ('553', 'QUEILEN', '10'), ('554', 'QUELLON', '10'), ('560', 'CHAITEN', '10'), ('561', 'HUALAIHUE', '10'), ('562', 'FUTALEUFU', '10'), ('563', 'PALENA', '10'), ('565', 'COYHAIQUE', '11'), ('566', 'LAGO VERDE', '11'), ('570', 'AYSEN', '11'), ('571', 'CISNES', '11'), ('572', 'GUAITECAS', '11'), ('575', 'CHILE CHICO', '11'), ('576', 'RIO IBAÑEZ', '11'), ('580', 'COCHRANE', '11'), ('581', 'O´HIGGINS', '11'), ('582', 'TORTEL', '11'), ('585', 'NATALES', '12'), ('586', 'TORRES DEL PAINE', '12'), ('590', 'PUNTA ARENAS', '12'), ('591', 'RIO VERDE', '12'), ('592', 'LAGUNA BLANCA', '12'), ('593', 'SAN GREGORIO', '12'), ('595', 'PORVENIR', '12'), ('596', 'PRIMAVERA', '12'), ('597', 'TIMAUKEL', '12'), ('600', 'CABO DE HORNOS', '12'), ('601', 'ANTARTICA', '12'), ('605', 'SANTIAGO', '13'), ('606', 'INDEPENDENCIA', '13'), ('607', 'CONCHALI', '13'), ('608', 'HUECHURABA', '13'), ('609', 'RECOLETA', '13'), ('610', 'PROVIDENCIA', '13');
INSERT INTO Comunas (Id, Nombre, RegionId) VALUES ('611', 'VITACURA', '13'), ('612', 'LO BARNECHEA', '13'), ('613', 'LAS CONDES', '13'), ('614', 'ÑUÑOA', '13'), ('615', 'LA REINA', '13'), ('616', 'MACUL', '13'), ('617', 'PEÑALOLEN', '13'), ('618', 'LA FLORIDA', '13'), ('619', 'SAN JOAQUIN', '13'), ('620', 'LA GRANJA', '13'), ('621', 'LA PINTANA', '13'), ('622', 'SAN RAMON', '13'), ('623', 'SAN MIGUEL', '13'), ('624', 'LA CISTERNA', '13'), ('625', 'EL BOSQUE', '13'), ('626', 'PEDRO AGUIRRE CERDA', '13'), ('627', 'LO ESPEJO', '13'), ('628', 'ESTACION CENTRAL', '13'), ('629', 'CERRILLOS', '13'), ('630', 'MAIPU', '13'), ('631', 'QUINTA NORMAL', '13'), ('632', 'LO PRADO', '13'), ('633', 'PUDAHUEL', '13'), ('634', 'CERRO NAVIA', '13'), ('635', 'RENCA', '13'), ('636', 'QUILICURA', '13'), ('640', 'COLINA', '13'), ('641', 'LAMPA', '13'), ('642', 'TILTIL', '13'), ('645', 'PUENTE ALTO', '13'), ('646', 'SAN JOSE DE MAIPO', '13'), ('647', 'PIRQUE', '13'), ('650', 'SAN BERNARDO', '13'), ('651', 'BUIN', '13'), ('652', 'PAINE', '13'), ('653', 'CALERA DE TANGO', '13'), ('660', 'MELIPILLA', '13'), ('661', 'MARIA PINTO', '13'), ('662', 'CURACAVI', '13'), ('663', 'ALHUE', '13'), ('664', 'SAN PEDRO', '13'), ('670', 'TALAGANTE', '13'), ('671', 'PEÑAFLOR', '13'), ('672', 'ISLA DE MAIPO', '13'), ('673', 'EL MONTE', '13'), ('674', 'PADRE HURTADO', '13');
COMMIT;

-- ----------------------------
-- Records of Etapas
-- ----------------------------
BEGIN;
INSERT INTO Etapas (Id, ProcesoId, TipoEtapa, Nombre, NombreInterno, TipoUsuarioAsignado, ValorUsuarioAsignado, TipoDuracion, ValorDuracion, TipoDuracionRetardo, ValorDuracionRetardo, Secuencia) VALUES ('1', '1', 'Inicio', 'Inicio', 'INICIO', 'Boot', 'wfboot', 'Ninguna', null, 'Ninguna', null, '100'), ('2', '1', 'Actividad', 'Carga Inicial', 'CARGA_INICIAL', 'Boot', 'wfboot', 'Ninguna', null, 'Ninguna', null, '200'), ('3', '1', 'Actividad', 'Despacho a Oficina Proceso', 'DESPACHO_OFICINA_PROCESO', 'Rol', 'Revisor Documento', 'Ninguna', null, 'Ninguna', null, '300'), ('4', '1', 'Actividad', 'Recepcion y Revisión', 'RECEPCION_Y_REVISION', 'Auto', 'USUARIO_OF_PROCESA', 'Ninguna', null, 'Ninguna', null, '400'), ('5', '1', 'Actividad', 'Despacho a Oficina Fuente', 'DESPACHO_OFICINA_FUENTE', 'Auto', 'USUARIO_OF_PROCESA', 'Ninguna', null, 'Ninguna', null, '500'), ('6', '1', 'Actividad', 'Solucionar Reparos Oficina Fuente', 'SOLUCIONAR_REPAROS_OF_FUENTE', 'Rol', 'Revisor Documento', 'Ninguna', null, 'Ninguna', null, '600'), ('7', '1', 'Actividad', 'Envío a Notaría', 'ENVIO_NOTARIA', 'Auto', 'USUARIO_OF_PROCESA', 'Ninguna', null, 'Ninguna', null, '400'), ('8', '1', 'Actividad', 'Recepcion de Notaria', 'RECEPCION_NOTARIA', 'Auto', 'USUARIO_OF_PROCESA', 'Ninguna', null, 'Ninguna', null, '500'), ('9', '1', 'Actividad', 'Despacho a Notaría por Reparo', 'DESPACHO_REPARO_NOTARIA', 'Auto', 'USUARIO_OF_PROCESA', 'Ninguna', null, 'Ninguna', null, '600'), ('10', '1', 'Actividad', 'Despacho a Oficina de Partes', 'DESPACHO_OFICINA_PARTES', 'Auto', 'USUARIO_OF_PROCESA', 'Ninguna', null, 'Ninguna', null, '700'), ('11', '1', 'Actividad', 'Recepción en Oficina de Partes', 'RECEPCION_OFICINA_PARTES', 'Rol', 'Analista Oficina de Partes', 'Ninguna', null, 'Ninguna', null, '800'), ('12', '1', 'Actividad', 'Recepcion y Analisis Mesa de Control', 'RECEPCION_MESA_CONTROL', 'Rol', 'Mesa de Control', 'Ninguna', null, 'Ninguna', null, '900');
COMMIT;

-- ----------------------------
-- Records of Notarias
-- ----------------------------
BEGIN;
INSERT INTO Notarias (Id, Nombre, ComunaId) VALUES ('1', 'Notaria Chancha', '455');
COMMIT;

-- ----------------------------
-- Records of Oficinas
-- ----------------------------
BEGIN;
INSERT INTO Oficinas (Id, Codificacion, Nombre, ComunaId, OficinaProcesoId) VALUES ('1', 'A088', 'Sucursal Coronel', '463', '3'), ('2', 'A001', 'Sucursal Huerfanos', '605', '2'), ('3', 'A082', 'Sucursal Concepción', '455', '3');
COMMIT;

-- ----------------------------
-- Records of Organizaciones
-- ----------------------------
BEGIN;
INSERT INTO Organizaciones (Id, Nombre, TipoOrganizacion, PadreId) VALUES ('1', 'La Araucana CAFF', 'Empresa', null);
COMMIT;

-- ----------------------------
-- Records of Procesos
-- ----------------------------
BEGIN;
INSERT INTO Procesos (Id, Nombre, NombreInterno, NamespaceGeneraTickets, ClaseGeneraTickets, MetodoGeneraTickets, Activo) VALUES ('1', 'Solicitud Custodia Documentos', 'SOLICITUD_CUSTODIA_DOCUMENTOS', null, null, null, '');
COMMIT;

-- ----------------------------
-- Records of Regiones
-- ----------------------------
BEGIN;
INSERT INTO Regiones (Id, Nombre, Secuencia) VALUES ('1', 'TARAPACA', '1'), ('2', 'ANTOFAGASTA', '2'), ('3', 'ATACAMA', '3'), ('4', 'COQUIMBO', '4'), ('5', 'VALPARAISO', '5'), ('6', 'REGION LIBERTADOR BERNARDO O\'HIGGINS', '6'), ('7', 'REGION DEL MAULE', '7'), ('8', 'REGION DEL BIOBIO', '8'), ('9', 'REGION DE LA ARAUCANIA', '9'), ('10', 'REGION DE LOS LAGOS', '10'), ('11', 'REGION AISEN DEL GRAL. CARLOS IBAÑEZ DEL CAMPO', '11'), ('12', 'REGION DE MAGALLANES Y ANTARTICA CHILENA', '12'), ('13', 'REGION METROPOLITANA DE SANTIAGO', '13'), ('14', 'REGION DE LOS RIOS', '14'), ('15', 'ARICA Y PARINACOTA', '15');
COMMIT;

-- ----------------------------
-- Records of Transiciones
-- ----------------------------
BEGIN;
INSERT INTO Transiciones (Id, EtapaActaualId, EtapaDestinoId, NamespaceValidacion, ClaseValidacion, MetodoValidacion) VALUES ('1', '1', '2', 'DocMan.Services.Workflow.Transition', 'WorkflowApproved', 'Validar'), ('2', '2', '10', 'DocMan.Services.Workflow.Transition', 'WorkflowCreditoRM', 'Validar'), ('3', '2', '10', 'DocMan.Services.Workflow.Transition', 'WorkflowCreditoLegalizado', 'Validar'), ('4', '2', '3', 'DocMan.Services.Workflow.Transition', 'WorkflowOficinaSinNotaria', 'Validar'), ('5', '3', '4', 'DocMan.Services.Workflow.Transition', 'WorkflowApproved', 'Validar'), ('6', '4', '5', 'DocMan.Services.Workflow.Transition', 'WorkflowRevisionOficinaProcesoReparo', 'Validar'), ('7', '4', '7', 'DocMan.Services.Workflow.Transition', 'WorkflowRevisionOficinaProcesoOk', 'Validar'), ('8', '2', '7', 'DocMan.Services.Workflow.Transition', 'WorkflowOficinaConNotaria', 'Validar'), ('9', '5', '6', 'DocMan.Services.Workflow.Transition', 'WorkflowApproved', 'Validar'), ('10', '7', '8', 'DocMan.Services.Workflow.Transition', 'WorkflowApproved', 'Validar'), ('11', '8', '10', 'DocMan.Services.Workflow.Transition', 'WorkflowRecepcionNotariaOk', 'Validar'), ('12', '8', '9', 'DocMan.Services.Workflow.Transition', 'WorkflowRecepcionNotariaReparo', 'Validar'), ('13', '10', '11', 'DocMan.Services.Workflow.Transition', 'WorkflowApproved', 'Validar'), ('14', '9', '8', 'DocMan.Services.Workflow.Transition', 'WorkflowApproved', 'Validar');
COMMIT;

-- ----------------------------
-- Records of Usuarios
-- ----------------------------
BEGIN;
INSERT INTO Usuarios (Id, UserName, NormalizedUserName, Email, NormalizedEmail, EmailConfirmed, PasswordHash, SecurityStamp, ConcurrencyStamp, PhoneNumber, PhoneNumberConfirmed, TwoFactorEnabled, LockoutEnd, LockoutEnabled, AccessFailedCount, Identificador, EstadoCuenta, TokenRecuerdaAcceso, Eliminado, Nombres, OficinaId) VALUES ('b46e400e-7e9a-4749-b3ea-ace83affa9c7', '17042783-1', '17042783-1', 'carlpradenas@gmail.com', 'CARLPRADENAS@GMAIL.COM', '\0', 'AQAAAAEAACcQAAAAEJU7wP7S6UCeCcu4wPMS+/SmBEVe80j43nF84sB/XmGRR36v2AxcM9JBPGHXSSaiPA==', 'PZTJSF6TL3RTIQ54KOXVN35KLN2CMLIA', '9b18dffe-8d57-406c-9855-800b6e977903', null, '\0', '\0', null, '', '0', '17042783-1', '0', null, '\0', 'Carlos Antonio', '3');
COMMIT;

-- ----------------------------
-- Records of Variables
-- ----------------------------
BEGIN;
INSERT INTO Variables (Id, NumeroTicket, Clave, Valor, Tipo) VALUES ('721', '20180803010123147761', 'OFICINA_PAGO', 'A001', 'object'), ('722', '20180803010123147761', 'OFICINA_INGRESO', 'A001', 'object'), ('723', '20180803010123147761', 'FOLIO_CREDITO', '001027673373', 'object'), ('724', '20180803010123147761', 'RUT_AFILIADO', '18474496-1', 'object'), ('725', '20180803010123147761', 'FECHA_VENTA', '02082018', 'object'), ('726', '20180803010123147761', 'ES_RM', '1', 'object'), ('727', '20180803010123147761', 'DOCUMENTO_LEGALIZADO', '0', 'object'), ('728', '20180803010123147761', 'OFINA_PROCESA_NOTARIA', 'A001', 'object'), ('729', '20180803010123148653', 'OFICINA_PAGO', 'A001', 'object'), ('730', '20180803010123148653', 'OFICINA_INGRESO', 'A001', 'object'), ('731', '20180803010123148653', 'FOLIO_CREDITO', '001027673374', 'object'), ('732', '20180803010123148653', 'RUT_AFILIADO', '5783649-0', 'object'), ('733', '20180803010123148653', 'FECHA_VENTA', '02082018', 'object'), ('734', '20180803010123148653', 'ES_RM', '1', 'object'), ('735', '20180803010123148653', 'DOCUMENTO_LEGALIZADO', '0', 'object'), ('736', '20180803010123148653', 'OFINA_PROCESA_NOTARIA', 'A001', 'object'), ('737', '20180803010123148979', 'OFICINA_PAGO', 'A001', 'object'), ('738', '20180803010123148979', 'OFICINA_INGRESO', 'A001', 'object'), ('739', '20180803010123148979', 'FOLIO_CREDITO', '001027673378', 'object'), ('740', '20180803010123148979', 'RUT_AFILIADO', '16699472-1', 'object'), ('741', '20180803010123148979', 'FECHA_VENTA', '02082018', 'object'), ('742', '20180803010123148979', 'ES_RM', '1', 'object'), ('743', '20180803010123148979', 'DOCUMENTO_LEGALIZADO', '0', 'object'), ('744', '20180803010123148979', 'OFINA_PROCESA_NOTARIA', 'A001', 'object'), ('745', '20180803010123149206', 'OFICINA_PAGO', 'A001', 'object'), ('746', '20180803010123149206', 'OFICINA_INGRESO', 'A001', 'object'), ('747', '20180803010123149206', 'FOLIO_CREDITO', '001027673379', 'object'), ('748', '20180803010123149206', 'RUT_AFILIADO', '9214727-4', 'object'), ('749', '20180803010123149206', 'FECHA_VENTA', '02082018', 'object'), ('750', '20180803010123149206', 'ES_RM', '1', 'object'), ('751', '20180803010123149206', 'DOCUMENTO_LEGALIZADO', '0', 'object'), ('752', '20180803010123149206', 'OFINA_PROCESA_NOTARIA', 'A001', 'object'), ('753', '20180803010123149547', 'OFICINA_PAGO', 'A001', 'object'), ('754', '20180803010123149547', 'OFICINA_INGRESO', 'A001', 'object'), ('755', '20180803010123149547', 'FOLIO_CREDITO', '001027673391', 'object'), ('756', '20180803010123149547', 'RUT_AFILIADO', '16823635-2', 'object'), ('757', '20180803010123149547', 'FECHA_VENTA', '02082018', 'object'), ('758', '20180803010123149547', 'ES_RM', '1', 'object'), ('759', '20180803010123149547', 'DOCUMENTO_LEGALIZADO', '0', 'object'), ('760', '20180803010123149547', 'OFINA_PROCESA_NOTARIA', 'A001', 'object'), ('761', '20180803010123150241', 'OFICINA_PAGO', 'A001', 'object'), ('762', '20180803010123150241', 'OFICINA_INGRESO', 'A001', 'object'), ('763', '20180803010123150241', 'FOLIO_CREDITO', '001027673392', 'object'), ('764', '20180803010123150241', 'RUT_AFILIADO', '5605776-5', 'object'), ('765', '20180803010123150241', 'FECHA_VENTA', '02082018', 'object'), ('766', '20180803010123150241', 'ES_RM', '1', 'object'), ('767', '20180803010123150241', 'DOCUMENTO_LEGALIZADO', '0', 'object'), ('768', '20180803010123150241', 'OFINA_PROCESA_NOTARIA', 'A001', 'object'), ('769', '20180803010123150683', 'OFICINA_PAGO', 'A001', 'object'), ('770', '20180803010123150683', 'OFICINA_INGRESO', 'A001', 'object'), ('771', '20180803010123150683', 'FOLIO_CREDITO', '001027673393', 'object'), ('772', '20180803010123150683', 'RUT_AFILIADO', '6871952-6', 'object'), ('773', '20180803010123150683', 'FECHA_VENTA', '02082018', 'object'), ('774', '20180803010123150683', 'ES_RM', '1', 'object'), ('775', '20180803010123150683', 'DOCUMENTO_LEGALIZADO', '0', 'object'), ('776', '20180803010123150683', 'OFINA_PROCESA_NOTARIA', 'A001', 'object'), ('777', '20180803010012315115', 'OFICINA_PAGO', 'A001', 'object'), ('778', '20180803010012315115', 'OFICINA_INGRESO', 'A001', 'object'), ('779', '20180803010012315115', 'FOLIO_CREDITO', '001027673394', 'object'), ('780', '20180803010012315115', 'RUT_AFILIADO', '14412524-K', 'object'), ('781', '20180803010012315115', 'FECHA_VENTA', '02082018', 'object'), ('782', '20180803010012315115', 'ES_RM', '1', 'object'), ('783', '20180803010012315115', 'DOCUMENTO_LEGALIZADO', '0', 'object'), ('784', '20180803010012315115', 'OFINA_PROCESA_NOTARIA', 'A001', 'object'), ('785', '20180803010123151276', 'OFICINA_PAGO', 'A001', 'object'), ('786', '20180803010123151276', 'OFICINA_INGRESO', 'A001', 'object'), ('787', '20180803010123151276', 'FOLIO_CREDITO', '001027673395', 'object'), ('788', '20180803010123151276', 'RUT_AFILIADO', '4600031-5', 'object'), ('789', '20180803010123151276', 'FECHA_VENTA', '02082018', 'object'), ('790', '20180803010123151276', 'ES_RM', '1', 'object'), ('791', '20180803010123151276', 'DOCUMENTO_LEGALIZADO', '0', 'object'), ('792', '20180803010123151276', 'OFINA_PROCESA_NOTARIA', 'A001', 'object'), ('793', '20180803010123151501', 'OFICINA_PAGO', 'A001', 'object'), ('794', '20180803010123151501', 'OFICINA_INGRESO', 'A001', 'object'), ('795', '20180803010123151501', 'FOLIO_CREDITO', '001027673396', 'object'), ('796', '20180803010123151501', 'RUT_AFILIADO', '4455613-8', 'object'), ('797', '20180803010123151501', 'FECHA_VENTA', '02082018', 'object'), ('798', '20180803010123151501', 'ES_RM', '1', 'object'), ('799', '20180803010123151501', 'DOCUMENTO_LEGALIZADO', '0', 'object'), ('800', '20180803010123151501', 'OFINA_PROCESA_NOTARIA', 'A001', 'object'), ('801', '20180803010123151781', 'OFICINA_PAGO', 'A001', 'object'), ('802', '20180803010123151781', 'OFICINA_INGRESO', 'A001', 'object'), ('803', '20180803010123151781', 'FOLIO_CREDITO', '001027673398', 'object'), ('804', '20180803010123151781', 'RUT_AFILIADO', '5713165-9', 'object'), ('805', '20180803010123151781', 'FECHA_VENTA', '02082018', 'object'), ('806', '20180803010123151781', 'ES_RM', '1', 'object'), ('807', '20180803010123151781', 'DOCUMENTO_LEGALIZADO', '0', 'object'), ('808', '20180803010123151781', 'OFINA_PROCESA_NOTARIA', 'A001', 'object'), ('809', '20180803010012315277', 'OFICINA_PAGO', 'A001', 'object'), ('810', '20180803010012315277', 'OFICINA_INGRESO', 'A001', 'object'), ('811', '20180803010012315277', 'FOLIO_CREDITO', '001027673399', 'object'), ('812', '20180803010012315277', 'RUT_AFILIADO', '19418998-2', 'object'), ('813', '20180803010012315277', 'FECHA_VENTA', '02082018', 'object'), ('814', '20180803010012315277', 'ES_RM', '1', 'object'), ('815', '20180803010012315277', 'DOCUMENTO_LEGALIZADO', '0', 'object'), ('816', '20180803010012315277', 'OFINA_PROCESA_NOTARIA', 'A001', 'object'), ('817', '20180803010123152372', 'OFICINA_PAGO', 'A001', 'object'), ('818', '20180803010123152372', 'OFICINA_INGRESO', 'A001', 'object'), ('819', '20180803010123152372', 'FOLIO_CREDITO', '001027673401', 'object'), ('820', '20180803010123152372', 'RUT_AFILIADO', '13067401-1', 'object');
INSERT INTO Variables (Id, NumeroTicket, Clave, Valor, Tipo) VALUES ('821', '20180803010123152372', 'FECHA_VENTA', '02082018', 'object'), ('822', '20180803010123152372', 'ES_RM', '1', 'object'), ('823', '20180803010123152372', 'DOCUMENTO_LEGALIZADO', '0', 'object'), ('824', '20180803010123152372', 'OFINA_PROCESA_NOTARIA', 'A001', 'object'), ('825', '20180803010123152656', 'OFICINA_PAGO', 'A001', 'object'), ('826', '20180803010123152656', 'OFICINA_INGRESO', 'A001', 'object'), ('827', '20180803010123152656', 'FOLIO_CREDITO', '001027673402', 'object'), ('828', '20180803010123152656', 'RUT_AFILIADO', '5658818-3', 'object'), ('829', '20180803010123152656', 'FECHA_VENTA', '02082018', 'object'), ('830', '20180803010123152656', 'ES_RM', '1', 'object'), ('831', '20180803010123152656', 'DOCUMENTO_LEGALIZADO', '0', 'object'), ('832', '20180803010123152656', 'OFINA_PROCESA_NOTARIA', 'A001', 'object'), ('833', '20180803010012315315', 'OFICINA_PAGO', 'A001', 'object'), ('834', '20180803010012315315', 'OFICINA_INGRESO', 'A001', 'object'), ('835', '20180803010012315315', 'FOLIO_CREDITO', '001027673411', 'object'), ('836', '20180803010012315315', 'RUT_AFILIADO', '25201124-2', 'object'), ('837', '20180803010012315315', 'FECHA_VENTA', '02082018', 'object'), ('838', '20180803010012315315', 'ES_RM', '1', 'object'), ('839', '20180803010012315315', 'DOCUMENTO_LEGALIZADO', '0', 'object'), ('840', '20180803010012315315', 'OFINA_PROCESA_NOTARIA', 'A001', 'object'), ('841', '20180803010123153397', 'OFICINA_PAGO', 'A001', 'object'), ('842', '20180803010123153397', 'OFICINA_INGRESO', 'A001', 'object'), ('843', '20180803010123153397', 'FOLIO_CREDITO', '001027673412', 'object'), ('844', '20180803010123153397', 'RUT_AFILIADO', '11263065-1', 'object'), ('845', '20180803010123153397', 'FECHA_VENTA', '02082018', 'object'), ('846', '20180803010123153397', 'ES_RM', '1', 'object'), ('847', '20180803010123153397', 'DOCUMENTO_LEGALIZADO', '0', 'object'), ('848', '20180803010123153397', 'OFINA_PROCESA_NOTARIA', 'A001', 'object'), ('849', '20180803010123153690', 'OFICINA_PAGO', 'A001', 'object'), ('850', '20180803010123153690', 'OFICINA_INGRESO', 'A001', 'object'), ('851', '20180803010123153690', 'FOLIO_CREDITO', '001027673413', 'object'), ('852', '20180803010123153690', 'RUT_AFILIADO', '16699472-1', 'object'), ('853', '20180803010123153690', 'FECHA_VENTA', '02082018', 'object'), ('854', '20180803010123153690', 'ES_RM', '1', 'object'), ('855', '20180803010123153690', 'DOCUMENTO_LEGALIZADO', '0', 'object'), ('856', '20180803010123153690', 'OFINA_PROCESA_NOTARIA', 'A001', 'object'), ('857', '20180803010012315430', 'OFICINA_PAGO', 'A001', 'object'), ('858', '20180803010012315430', 'OFICINA_INGRESO', 'A001', 'object'), ('859', '20180803010012315430', 'FOLIO_CREDITO', '001027673414', 'object'), ('860', '20180803010012315430', 'RUT_AFILIADO', '17729243-5', 'object'), ('861', '20180803010012315430', 'FECHA_VENTA', '02082018', 'object'), ('862', '20180803010012315430', 'ES_RM', '1', 'object'), ('863', '20180803010012315430', 'DOCUMENTO_LEGALIZADO', '0', 'object'), ('864', '20180803010012315430', 'OFINA_PROCESA_NOTARIA', 'A001', 'object'), ('865', '20180803010123154408', 'OFICINA_PAGO', 'A001', 'object'), ('866', '20180803010123154408', 'OFICINA_INGRESO', 'A001', 'object'), ('867', '20180803010123154408', 'FOLIO_CREDITO', '001027673421', 'object'), ('868', '20180803010123154408', 'RUT_AFILIADO', '5392568-5', 'object'), ('869', '20180803010123154408', 'FECHA_VENTA', '02082018', 'object'), ('870', '20180803010123154408', 'ES_RM', '1', 'object'), ('871', '20180803010123154408', 'DOCUMENTO_LEGALIZADO', '0', 'object'), ('872', '20180803010123154408', 'OFINA_PROCESA_NOTARIA', 'A001', 'object'), ('873', '20180803010123154712', 'OFICINA_PAGO', 'A001', 'object'), ('874', '20180803010123154712', 'OFICINA_INGRESO', 'A001', 'object'), ('875', '20180803010123154712', 'FOLIO_CREDITO', '001027673424', 'object'), ('876', '20180803010123154712', 'RUT_AFILIADO', '16428755-6', 'object'), ('877', '20180803010123154712', 'FECHA_VENTA', '02082018', 'object'), ('878', '20180803010123154712', 'ES_RM', '1', 'object'), ('879', '20180803010123154712', 'DOCUMENTO_LEGALIZADO', '0', 'object'), ('880', '20180803010123154712', 'OFINA_PROCESA_NOTARIA', 'A001', 'object'), ('881', '20180803010123155116', 'OFICINA_PAGO', 'A082', 'object'), ('882', '20180803010123155116', 'OFICINA_INGRESO', 'A082', 'object'), ('883', '20180803010123155116', 'FOLIO_CREDITO', '082001726666', 'object'), ('884', '20180803010123155116', 'RUT_AFILIADO', '14233122-5', 'object'), ('885', '20180803010123155116', 'FECHA_VENTA', '02082018', 'object'), ('886', '20180803010123155116', 'ES_RM', '0', 'object'), ('887', '20180803010123155116', 'DOCUMENTO_LEGALIZADO', '0', 'object'), ('888', '20180803010123155116', 'OFINA_PROCESA_NOTARIA', 'A082', 'object'), ('889', '20180803010123155463', 'OFICINA_PAGO', 'A082', 'object'), ('890', '20180803010123155463', 'OFICINA_INGRESO', 'A082', 'object'), ('891', '20180803010123155463', 'FOLIO_CREDITO', '082001726687', 'object'), ('892', '20180803010123155463', 'RUT_AFILIADO', '4861604-6', 'object'), ('893', '20180803010123155463', 'FECHA_VENTA', '02082018', 'object'), ('894', '20180803010123155463', 'ES_RM', '0', 'object'), ('895', '20180803010123155463', 'DOCUMENTO_LEGALIZADO', '0', 'object'), ('896', '20180803010123155463', 'OFINA_PROCESA_NOTARIA', 'A082', 'object'), ('897', '20180803010012315652', 'OFICINA_PAGO', 'A082', 'object'), ('898', '20180803010012315652', 'OFICINA_INGRESO', 'A082', 'object'), ('899', '20180803010012315652', 'FOLIO_CREDITO', '082001726688', 'object'), ('900', '20180803010012315652', 'RUT_AFILIADO', '14392525-0', 'object'), ('901', '20180803010012315652', 'FECHA_VENTA', '02082018', 'object'), ('902', '20180803010012315652', 'ES_RM', '0', 'object'), ('903', '20180803010012315652', 'DOCUMENTO_LEGALIZADO', '0', 'object'), ('904', '20180803010012315652', 'OFINA_PROCESA_NOTARIA', 'A082', 'object'), ('905', '20180803010123156432', 'OFICINA_PAGO', 'A082', 'object'), ('906', '20180803010123156432', 'OFICINA_INGRESO', 'A082', 'object'), ('907', '20180803010123156432', 'FOLIO_CREDITO', '082001726689', 'object'), ('908', '20180803010123156432', 'RUT_AFILIADO', '8143168-K', 'object'), ('909', '20180803010123156432', 'FECHA_VENTA', '02082018', 'object'), ('910', '20180803010123156432', 'ES_RM', '0', 'object'), ('911', '20180803010123156432', 'DOCUMENTO_LEGALIZADO', '0', 'object'), ('912', '20180803010123156432', 'OFINA_PROCESA_NOTARIA', 'A082', 'object'), ('913', '20180803010123156870', 'OFICINA_PAGO', 'A082', 'object'), ('914', '20180803010123156870', 'OFICINA_INGRESO', 'A082', 'object'), ('915', '20180803010123156870', 'FOLIO_CREDITO', '082001726723', 'object'), ('916', '20180803010123156870', 'RUT_AFILIADO', '18769982-7', 'object'), ('917', '20180803010123156870', 'FECHA_VENTA', '02082018', 'object'), ('918', '20180803010123156870', 'ES_RM', '0', 'object'), ('919', '20180803010123156870', 'DOCUMENTO_LEGALIZADO', '0', 'object'), ('920', '20180803010123156870', 'OFINA_PROCESA_NOTARIA', 'A082', 'object');
INSERT INTO Variables (Id, NumeroTicket, Clave, Valor, Tipo) VALUES ('921', '20180803010123157306', 'OFICINA_PAGO', 'A082', 'object'), ('922', '20180803010123157306', 'OFICINA_INGRESO', 'A082', 'object'), ('923', '20180803010123157306', 'FOLIO_CREDITO', '082001726724', 'object'), ('924', '20180803010123157306', 'RUT_AFILIADO', '5188531-7', 'object'), ('925', '20180803010123157306', 'FECHA_VENTA', '02082018', 'object'), ('926', '20180803010123157306', 'ES_RM', '0', 'object'), ('927', '20180803010123157306', 'DOCUMENTO_LEGALIZADO', '0', 'object'), ('928', '20180803010123157306', 'OFINA_PROCESA_NOTARIA', 'A082', 'object'), ('929', '20180803010123157820', 'OFICINA_PAGO', 'A082', 'object'), ('930', '20180803010123157820', 'OFICINA_INGRESO', 'A082', 'object'), ('931', '20180803010123157820', 'FOLIO_CREDITO', '082001726725', 'object'), ('932', '20180803010123157820', 'RUT_AFILIADO', '16764314-0', 'object'), ('933', '20180803010123157820', 'FECHA_VENTA', '02082018', 'object'), ('934', '20180803010123157820', 'ES_RM', '0', 'object'), ('935', '20180803010123157820', 'DOCUMENTO_LEGALIZADO', '0', 'object'), ('936', '20180803010123157820', 'OFINA_PROCESA_NOTARIA', 'A082', 'object'), ('937', '20180803010123158212', 'OFICINA_PAGO', 'A082', 'object'), ('938', '20180803010123158212', 'OFICINA_INGRESO', 'A082', 'object'), ('939', '20180803010123158212', 'FOLIO_CREDITO', '082001726739', 'object'), ('940', '20180803010123158212', 'RUT_AFILIADO', '6793095-9', 'object'), ('941', '20180803010123158212', 'FECHA_VENTA', '02082018', 'object'), ('942', '20180803010123158212', 'ES_RM', '0', 'object'), ('943', '20180803010123158212', 'DOCUMENTO_LEGALIZADO', '0', 'object'), ('944', '20180803010123158212', 'OFINA_PROCESA_NOTARIA', 'A082', 'object'), ('945', '20180803010123158721', 'OFICINA_PAGO', 'A082', 'object'), ('946', '20180803010123158721', 'OFICINA_INGRESO', 'A082', 'object'), ('947', '20180803010123158721', 'FOLIO_CREDITO', '082001726740', 'object'), ('948', '20180803010123158721', 'RUT_AFILIADO', '16601639-8', 'object'), ('949', '20180803010123158721', 'FECHA_VENTA', '02082018', 'object'), ('950', '20180803010123158721', 'ES_RM', '0', 'object'), ('951', '20180803010123158721', 'DOCUMENTO_LEGALIZADO', '0', 'object'), ('952', '20180803010123158721', 'OFINA_PROCESA_NOTARIA', 'A082', 'object'), ('953', '20180803010123159269', 'OFICINA_PAGO', 'A082', 'object'), ('954', '20180803010123159269', 'OFICINA_INGRESO', 'A082', 'object'), ('955', '20180803010123159269', 'FOLIO_CREDITO', '082001726741', 'object'), ('956', '20180803010123159269', 'RUT_AFILIADO', '7230275-3', 'object'), ('957', '20180803010123159269', 'FECHA_VENTA', '02082018', 'object'), ('958', '20180803010123159269', 'ES_RM', '0', 'object'), ('959', '20180803010123159269', 'DOCUMENTO_LEGALIZADO', '0', 'object'), ('960', '20180803010123159269', 'OFINA_PROCESA_NOTARIA', 'A082', 'object'), ('961', '20180803010123159782', 'OFICINA_PAGO', 'A082', 'object'), ('962', '20180803010123159782', 'OFICINA_INGRESO', 'A082', 'object'), ('963', '20180803010123159782', 'FOLIO_CREDITO', '082001726742', 'object'), ('964', '20180803010123159782', 'RUT_AFILIADO', '12698418-9', 'object'), ('965', '20180803010123159782', 'FECHA_VENTA', '02082018', 'object'), ('966', '20180803010123159782', 'ES_RM', '0', 'object'), ('967', '20180803010123159782', 'DOCUMENTO_LEGALIZADO', '0', 'object'), ('968', '20180803010123159782', 'OFINA_PROCESA_NOTARIA', 'A082', 'object'), ('969', '20180803010012320265', 'OFICINA_PAGO', 'A082', 'object'), ('970', '20180803010012320265', 'OFICINA_INGRESO', 'A082', 'object'), ('971', '20180803010012320265', 'FOLIO_CREDITO', '082001726743', 'object'), ('972', '20180803010012320265', 'RUT_AFILIADO', '12919104-K', 'object'), ('973', '20180803010012320265', 'FECHA_VENTA', '02082018', 'object'), ('974', '20180803010012320265', 'ES_RM', '0', 'object'), ('975', '20180803010012320265', 'DOCUMENTO_LEGALIZADO', '0', 'object'), ('976', '20180803010012320265', 'OFINA_PROCESA_NOTARIA', 'A082', 'object'), ('977', '20180803010012320810', 'OFICINA_PAGO', 'A082', 'object'), ('978', '20180803010012320810', 'OFICINA_INGRESO', 'A082', 'object'), ('979', '20180803010012320810', 'FOLIO_CREDITO', '082001726756', 'object'), ('980', '20180803010012320810', 'RUT_AFILIADO', '5265652-4', 'object'), ('981', '20180803010012320810', 'FECHA_VENTA', '02082018', 'object'), ('982', '20180803010012320810', 'ES_RM', '0', 'object'), ('983', '20180803010012320810', 'DOCUMENTO_LEGALIZADO', '0', 'object'), ('984', '20180803010012320810', 'OFINA_PROCESA_NOTARIA', 'A082', 'object'), ('985', '20180803010012321323', 'OFICINA_PAGO', 'A082', 'object'), ('986', '20180803010012321323', 'OFICINA_INGRESO', 'A082', 'object'), ('987', '20180803010012321323', 'FOLIO_CREDITO', '082001726757', 'object'), ('988', '20180803010012321323', 'RUT_AFILIADO', '13959048-1', 'object'), ('989', '20180803010012321323', 'FECHA_VENTA', '02082018', 'object'), ('990', '20180803010012321323', 'ES_RM', '0', 'object'), ('991', '20180803010012321323', 'DOCUMENTO_LEGALIZADO', '0', 'object'), ('992', '20180803010012321323', 'OFINA_PROCESA_NOTARIA', 'A082', 'object'), ('993', '20180803010012321909', 'OFICINA_PAGO', 'A082', 'object'), ('994', '20180803010012321909', 'OFICINA_INGRESO', 'A082', 'object'), ('995', '20180803010012321909', 'FOLIO_CREDITO', '082001726765', 'object'), ('996', '20180803010012321909', 'RUT_AFILIADO', '15943971-2', 'object'), ('997', '20180803010012321909', 'FECHA_VENTA', '02082018', 'object'), ('998', '20180803010012321909', 'ES_RM', '0', 'object'), ('999', '20180803010012321909', 'DOCUMENTO_LEGALIZADO', '0', 'object'), ('1000', '20180803010012321909', 'OFINA_PROCESA_NOTARIA', 'A082', 'object'), ('1001', '20180803010012322461', 'OFICINA_PAGO', 'A082', 'object'), ('1002', '20180803010012322461', 'OFICINA_INGRESO', 'A082', 'object'), ('1003', '20180803010012322461', 'FOLIO_CREDITO', '082001726766', 'object'), ('1004', '20180803010012322461', 'RUT_AFILIADO', '14210393-1', 'object'), ('1005', '20180803010012322461', 'FECHA_VENTA', '02082018', 'object'), ('1006', '20180803010012322461', 'ES_RM', '0', 'object'), ('1007', '20180803010012322461', 'DOCUMENTO_LEGALIZADO', '0', 'object'), ('1008', '20180803010012322461', 'OFINA_PROCESA_NOTARIA', 'A082', 'object'), ('1009', '20180803010001232347', 'OFICINA_PAGO', 'A082', 'object'), ('1010', '20180803010001232347', 'OFICINA_INGRESO', 'A082', 'object'), ('1011', '20180803010001232347', 'FOLIO_CREDITO', '082001726767', 'object'), ('1012', '20180803010001232347', 'RUT_AFILIADO', '8394698-9', 'object'), ('1013', '20180803010001232347', 'FECHA_VENTA', '02082018', 'object'), ('1014', '20180803010001232347', 'ES_RM', '0', 'object'), ('1015', '20180803010001232347', 'DOCUMENTO_LEGALIZADO', '0', 'object'), ('1016', '20180803010001232347', 'OFINA_PROCESA_NOTARIA', 'A082', 'object'), ('1017', '20180803010012323555', 'OFICINA_PAGO', 'A088', 'object'), ('1018', '20180803010012323555', 'OFICINA_INGRESO', 'A088', 'object'), ('1019', '20180803010012323555', 'FOLIO_CREDITO', '088000059279', 'object'), ('1020', '20180803010012323555', 'RUT_AFILIADO', '10014234-1', 'object');
INSERT INTO Variables (Id, NumeroTicket, Clave, Valor, Tipo) VALUES ('1021', '20180803010012323555', 'FECHA_VENTA', '02082018', 'object'), ('1022', '20180803010012323555', 'ES_RM', '0', 'object'), ('1023', '20180803010012323555', 'DOCUMENTO_LEGALIZADO', '0', 'object'), ('1024', '20180803010012323555', 'OFINA_PROCESA_NOTARIA', 'A082', 'object'), ('1025', '20180803010012324177', 'OFICINA_PAGO', 'A088', 'object'), ('1026', '20180803010012324177', 'OFICINA_INGRESO', 'A088', 'object'), ('1027', '20180803010012324177', 'FOLIO_CREDITO', '088000059280', 'object'), ('1028', '20180803010012324177', 'RUT_AFILIADO', '14212613-3', 'object'), ('1029', '20180803010012324177', 'FECHA_VENTA', '02082018', 'object'), ('1030', '20180803010012324177', 'ES_RM', '0', 'object'), ('1031', '20180803010012324177', 'DOCUMENTO_LEGALIZADO', '0', 'object'), ('1032', '20180803010012324177', 'OFINA_PROCESA_NOTARIA', 'A082', 'object'), ('1033', '20180803010001232560', 'OFICINA_PAGO', 'A088', 'object'), ('1034', '20180803010001232560', 'OFICINA_INGRESO', 'A088', 'object'), ('1035', '20180803010001232560', 'FOLIO_CREDITO', '088000059304', 'object'), ('1036', '20180803010001232560', 'RUT_AFILIADO', '8215770-0', 'object'), ('1037', '20180803010001232560', 'FECHA_VENTA', '02082018', 'object'), ('1038', '20180803010001232560', 'ES_RM', '0', 'object'), ('1039', '20180803010001232560', 'DOCUMENTO_LEGALIZADO', '0', 'object'), ('1040', '20180803010001232560', 'OFINA_PROCESA_NOTARIA', 'A082', 'object'), ('1041', '20180803010012325520', 'OFICINA_PAGO', 'A088', 'object'), ('1042', '20180803010012325520', 'OFICINA_INGRESO', 'A088', 'object'), ('1043', '20180803010012325520', 'FOLIO_CREDITO', '088000059311', 'object'), ('1044', '20180803010012325520', 'RUT_AFILIADO', '11573468-7', 'object'), ('1045', '20180803010012325520', 'FECHA_VENTA', '02082018', 'object'), ('1046', '20180803010012325520', 'ES_RM', '0', 'object'), ('1047', '20180803010012325520', 'DOCUMENTO_LEGALIZADO', '0', 'object'), ('1048', '20180803010012325520', 'OFINA_PROCESA_NOTARIA', 'A082', 'object');
COMMIT;
*/